year,week,cases_this_week,cases_next_week,caught,pct_caught,area_km2,radius_m
2021,35,2,5,0,0.0,0.063,100
2021,36,5,19,0,0.0,0.157,100
2021,37,19,74,4,5.4,0.592,100
2021,38,74,181,18,9.9,2.228,100
2021,39,181,228,57,25.0,4.607,100
2021,40,228,342,77,22.5,5.989,100
2021,41,342,284,71,25.0,8.813,100
2021,42,284,349,59,16.9,7.811,100
2021,43,349,274,56,20.4,9.588,100
2021,44,274,146,18,12.3,7.661,100
2021,45,146,106,10,9.4,4.391,100
2021,46,106,58,3,5.2,3.076,100
2021,47,58,11,0,0.0,1.796,100
2021,48,11,5,0,0.0,0.345,100
2021,49,5,4,0,0.0,0.157,100
2022,28,2,4,0,0.0,0.063,100
2022,29,4,7,1,14.3,0.071,100
2022,30,7,15,0,0.0,0.202,100
2022,31,15,32,6,18.8,0.432,100
2022,32,32,81,6,7.4,0.78,100
2022,33,81,170,37,21.8,2.075,100
2022,34,170,193,62,32.1,4.144,100
2022,35,193,265,58,21.9,4.884,100
2022,36,265,428,63,14.7,6.417,100
2022,37,428,484,117,24.2,10.455,100
2022,38,484,554,117,21.1,12.262,100
2022,39,554,558,127,22.8,13.622,100
2022,40,558,576,98,17.0,13.547,100
2022,41,576,324,65,20.1,14.652,100
2022,42,324,304,62,20.4,9.06,100
2022,43,304,205,30,14.6,7.95,100
2022,44,205,140,14,10.0,5.591,100
2022,45,140,69,6,8.7,3.843,100
2022,46,69,28,4,14.3,2.038,100
2022,47,28,17,0,0.0,0.863,100
2022,48,17,2,0,0.0,0.504,100
2022,49,2,3,0,0.0,0.063,100
2023,26,1,2,0,0.0,0.031,100
2023,27,2,2,0,0.0,0.063,100
2023,28,2,3,0,0.0,0.063,100
2023,29,3,7,2,28.6,0.094,100
2023,30,7,16,1,6.2,0.181,100
2023,31,16,12,1,8.3,0.466,100
2023,32,12,22,2,9.1,0.347,100
2023,33,22,28,2,7.1,0.622,100
2023,34,28,53,3,5.7,0.878,100
2023,35,53,95,13,13.7,1.327,100
2023,36,95,150,33,22.0,2.525,100
2023,37,150,186,39,21.0,3.766,100
2023,38,186,207,46,22.2,4.905,100
2023,39,207,259,37,14.3,5.366,100
2023,40,259,172,26,15.1,6.8,100
2023,41,172,134,19,14.2,4.857,100
2023,42,134,110,5,4.5,3.871,100
2023,43,110,97,21,21.6,3.201,100
2023,44,97,96,10,10.4,2.628,100
2023,45,96,53,9,17.0,2.598,100
2023,46,53,18,2,11.1,1.548,100
2023,47,18,24,0,0.0,0.565,100
2023,48,24,6,0,0.0,0.741,100
2023,49,6,2,0,0.0,0.188,100
2024,26,3,2,0,0.0,0.063,100
2024,27,2,2,0,0.0,0.063,100
2024,30,1,2,0,0.0,0.031,100
2024,31,2,1,0,0.0,0.063,100
2024,32,1,8,0,0.0,0.031,100
2024,33,8,7,0,0.0,0.25,100
2024,34,7,17,0,0.0,0.192,100
2024,35,17,47,3,6.4,0.498,100
2024,36,47,107,7,6.5,1.39,100
2024,37,107,240,20,8.3,2.962,100
2024,38,240,440,77,17.5,5.918,100
2024,39,440,690,160,23.2,10.381,100
2024,40,690,728,220,30.2,15.448,100
2024,41,728,626,165,26.4,17.097,100
2024,42,626,664,133,20.0,15.75,100
2024,43,664,775,197,25.4,17.433,100
2024,44,775,523,125,23.9,19.294,100
2024,45,523,350,67,19.1,13.95,100
2024,46,350,177,19,10.7,9.584,100
2024,47,177,61,5,8.2,5.227,100
2024,48,61,26,5,19.2,1.864,100
2024,49,26,9,1,11.1,0.777,100
2021,35,2,5,0,0.0,0.251,200
2021,36,5,19,0,0.0,0.627,200
2021,37,19,74,7,9.5,2.318,200
2021,38,74,181,46,25.4,8.024,200
2021,39,181,228,107,46.9,15.038,200
2021,40,228,342,157,45.9,19.175,200
2021,41,342,284,128,45.1,28.306,200
2021,42,284,349,130,37.2,26.361,200
2021,43,349,274,122,44.5,32.353,200
2021,44,274,146,50,34.2,26.488,200
2021,45,146,106,25,23.6,16.227,200
2021,46,106,58,13,22.4,11.269,200
2021,47,58,11,0,0.0,6.976,200
2021,48,11,5,0,0.0,1.38,200
2021,49,5,4,0,0.0,0.627,200
2022,28,2,4,0,0.0,0.251,200
2022,29,4,7,1,14.3,0.268,200
2022,30,7,15,4,26.7,0.734,200
2022,31,15,32,11,34.4,1.554,200
2022,32,32,81,18,22.2,2.797,200
2022,33,81,170,59,34.7,6.45,200
2022,34,170,193,99,51.3,13.246,200
2022,35,193,265,106,40.0,15.688,200
2022,36,265,428,165,38.6,21.223,200
2022,37,428,484,222,45.9,32.741,200
2022,38,484,554,246,44.4,39.648,200
2022,39,554,558,254,45.5,43.732,200
2022,40,558,576,245,42.5,44.416,200
2022,41,576,324,151,46.6,47.275,200
2022,42,324,304,115,37.8,31.432,200
2022,43,304,205,57,27.8,27.533,200
2022,44,205,140,40,28.6,19.947,200
2022,45,140,69,17,24.6,14.055,200
2022,46,69,28,6,21.4,7.783,200
2022,47,28,17,2,11.8,3.363,200
2022,48,17,2,0,0.0,1.966,200
2022,49,2,3,0,0.0,0.251,200
2023,26,1,2,0,0.0,0.125,200
2023,27,2,2,0,0.0,0.251,200
2023,28,2,3,0,0.0,0.251,200
2023,29,3,7,3,42.9,0.376,200
2023,30,7,16,1,6.2,0.676,200
2023,31,16,12,3,25.0,1.813,200
2023,32,12,22,4,18.2,1.315,200
2023,33,22,28,3,10.7,2.36,200
2023,34,28,53,8,15.1,3.482,200
2023,35,53,95,23,24.2,4.657,200
2023,36,95,150,52,34.7,8.473,200
2023,37,150,186,78,41.9,12.212,200
2023,38,186,207,92,44.4,16.362,200
2023,39,207,259,97,37.5,17.63,200
2023,40,259,172,64,37.2,22.866,200
2023,41,172,134,43,32.1,16.696,200
2023,42,134,110,24,21.8,14.173,200
2023,43,110,97,40,41.2,11.691,200
2023,44,97,96,19,19.8,9.62,200
2023,45,96,53,15,28.3,9.728,200
2023,46,53,18,5,27.8,5.963,200
2023,47,18,24,1,4.2,2.258,200
2023,48,24,6,0,0.0,2.923,200
2023,49,6,2,0,0.0,0.753,200
2024,26,3,2,0,0.0,0.252,200
2024,27,2,2,0,0.0,0.251,200
2024,30,1,2,0,0.0,0.125,200
2024,31,2,1,0,0.0,0.251,200
2024,32,1,8,1,12.5,0.125,200
2024,33,8,7,0,0.0,0.947,200
2024,34,7,17,0,0.0,0.761,200
2024,35,17,47,8,17.0,1.878,200
2024,36,47,107,21,19.6,5.262,200
2024,37,107,240,56,23.3,10.885,200
2024,38,240,440,174,39.5,20.3,200
2024,39,440,690,344,49.9,33.643,200
2024,40,690,728,398,54.7,47.271,200
2024,41,728,626,326,52.1,53.855,200
2024,42,626,664,316,47.6,50.114,200
2024,43,664,775,458,59.1,55.093,200
2024,44,775,523,302,57.7,58.17,200
2024,45,523,350,161,46.0,45.379,200
2024,46,350,177,67,37.9,33.575,200
2024,47,177,61,16,26.2,19.501,200
2024,48,61,26,7,26.9,7.089,200
2024,49,26,9,2,22.2,3.062,200
2021,35,2,5,0,0.0,1.568,500
2021,36,5,19,1,5.3,3.921,500
2021,37,19,74,13,17.6,13.371,500
2021,38,74,181,101,55.8,37.358,500
2021,39,181,228,173,75.9,60.529,500
2021,40,228,342,253,74.0,72.076,500
2021,41,342,284,214,75.4,103.408,500
2021,42,284,349,253,72.5,97.391,500
2021,43,349,274,215,78.5,110.219,500
2021,44,274,146,103,70.5,97.273,500
2021,45,146,106,72,67.9,73.753,500
2021,46,106,58,34,58.6,51.135,500
2021,47,58,11,7,63.6,38.193,500
2021,48,11,5,0,0.0,8.316,500
2021,49,5,4,0,0.0,3.921,500
2022,28,2,4,0,0.0,1.568,500
2022,29,4,7,1,14.3,1.61,500
2022,30,7,15,8,53.3,4.19,500
2022,31,15,32,16,50.0,7.946,500
2022,32,32,81,35,43.2,13.978,500
2022,33,81,170,101,59.4,26.989,500
2022,34,170,193,132,68.4,55.233,500
2022,35,193,265,166,62.6,63.801,500
2022,36,265,428,319,74.5,85.213,500
2022,37,428,484,361,74.6,117.187,500
2022,38,484,554,430,77.6,145.461,500
2022,39,554,558,446,79.9,151.924,500
2022,40,558,576,457,79.3,158.817,500
2022,41,576,324,273,84.3,163.217,500
2022,42,324,304,229,75.3,121.759,500
2022,43,304,205,145,70.7,108.809,500
2022,44,205,140,97,69.3,86.443,500
2022,45,140,69,41,59.4,65.29,500
2022,46,69,28,14,50.0,39.661,500
2022,47,28,17,5,29.4,19.274,500
2022,48,17,2,0,0.0,11.785,500
2022,49,2,3,0,0.0,1.568,500
2023,26,1,2,0,0.0,0.784,500
2023,27,2,2,0,0.0,1.568,500
2023,28,2,3,1,33.3,1.568,500
2023,29,3,7,4,57.1,2.352,500
2023,30,7,16,1,6.2,3.651,500
2023,31,16,12,4,33.3,10.467,500
2023,32,12,22,7,31.8,6.345,500
2023,33,22,28,7,25.0,13.524,500
2023,34,28,53,17,32.1,18.119,500
2023,35,53,95,52,54.7,22.064,500
2023,36,95,150,89,59.3,37.046,500
2023,37,150,186,120,64.5,47.489,500
2023,38,186,207,146,70.5,68.715,500
2023,39,207,259,167,64.5,71.337,500
2023,40,259,172,118,68.6,89.095,500
2023,41,172,134,85,63.4,68.711,500
2023,42,134,110,69,62.7,66.802,500
2023,43,110,97,68,70.1,52.75,500
2023,44,97,96,42,43.8,45.587,500
2023,45,96,53,29,54.7,48.087,500
2023,46,53,18,10,55.6,31.832,500
2023,47,18,24,4,16.7,13.706,500
2023,48,24,6,0,0.0,16.753,500
2023,49,6,2,0,0.0,4.705,500
2024,26,3,2,0,0.0,1.57,500
2024,27,2,2,0,0.0,1.568,500
2024,30,1,2,0,0.0,0.784,500
2024,31,2,1,0,0.0,1.568,500
2024,32,1,8,2,25.0,0.784,500
2024,33,8,7,0,0.0,5.666,500
2024,34,7,17,1,5.9,4.725,500
2024,35,17,47,11,23.4,10.768,500
2024,36,47,107,41,38.3,27.834,500
2024,37,107,240,123,51.2,54.437,500
2024,38,240,440,314,71.4,87.72,500
2024,39,440,690,559,81.0,123.585,500
2024,40,690,728,610,83.8,156.188,500
2024,41,728,626,525,83.9,177.743,500
2024,42,626,664,539,81.2,167.727,500
2024,43,664,775,659,85.0,172.256,500
2024,44,775,523,448,85.7,187.112,500
2024,45,523,350,285,81.4,153.212,500
2024,46,350,177,133,75.1,132.202,500
2024,47,177,61,41,67.2,87.432,500
2024,48,61,26,9,34.6,36.816,500
2024,49,26,9,3,33.3,18.137,500
