UC_name,neighbour
Gulistan Colony,Dhaman Syedan
Gulistan Colony,KARTARPURA
Gulistan Colony,KHURRAM COLONY
Gulistan Colony,KOTHA KALAN
Gulistan Colony,MORGAH
Gulistan Colony,MUSLIM TOWN (WEST)
Gulistan Colony,TAKHT PARI
KHANA DAK,BANGISH COLONY
KHANA DAK,CHAK JALAL DIN
KHANA DAK,DHOK HASSU(NORTH)
KHANA DAK,DHOK MANGTAL
KHANA DAK,DHOK RATTA
KHANA DAK,Dhaman Syedan
KHANA DAK,Dhamial
KHANA DAK,FAUJI COLONY
KHANA DAK,HAZARA COLONY
KHANA DAK,Jhanda Chichi
KHANA DAK,LAKKHAN
Khurram Colony,BANNI
Khurram Colony,DHOK ALI AKBAR
Khurram Colony,DHOK FARMAN ALI
Khurram Colony,DHOK KHABBA
Khurram Colony,DHOK MUNSHI KHAN
Khurram Colony,MILLAT COLONY
Khurram Colony,MUHALLA AMAMBARA
Khurram Colony,RAWALPINDI CANTT-8
DHOK MUNSHI KHAN,BANNI
DHOK MUNSHI KHAN,GANGAL
DHOK MUNSHI KHAN,KOTHA KALAN
DHOK MUNSHI KHAN,Khurram Colony
DHOK MUNSHI KHAN,MILLAT COLONY
KOTHA KALAN,BANNI
KOTHA KALAN,DHOK MUNSHI KHAN
KOTHA KALAN,GANGAL
KOTHA KALAN,Gulistan Colony
KOTHA KALAN,KARTARPURA
MORGAH,Dhaman Syedan
MORGAH,Gulistan Colony
MORGAH,TAKHT PARI
Adiala,CHAHAN
Adiala,Chauntra
Adiala,Chhappar
Adiala,Dhaman Syedan
Adiala,Dhamial
Adiala,RANIAL
Dhaman Syedan,Adiala
Dhaman Syedan,Chhappar
Dhaman Syedan,Dhamial
Dhaman Syedan,Gulistan Colony
Dhaman Syedan,Jhanda Chichi
Dhaman Syedan,KHANA DAK
Dhaman Syedan,KHURRAM COLONY
Dhaman Syedan,MORGAH
Dhaman Syedan,TAKHT PARI
Dhamial,Adiala
Dhamial,Dhaman Syedan
Dhamial,KHANA DAK
Dhamial,LAKKHAN
Dhamial,RANIAL
LAKKHAN,CHAK JALAL DIN
LAKKHAN,Dhamial
LAKKHAN,Dhoke Mangtal
LAKKHAN,KHANA DAK
LAKKHAN,RANIAL
CHAK JALAL DIN,DHOK RATTA
CHAK JALAL DIN,Dhoke Mangtal
CHAK JALAL DIN,HAZARA COLONY
CHAK JALAL DIN,KHANA DAK
CHAK JALAL DIN,LAKKHAN
CHAK JALAL DIN,RAWALPINDI CANTT-1
Dhoke Mangtal,ASGHAR MALL SCHEME
Dhoke Mangtal,BAJNIAL
Dhoke Mangtal,CHAK JALAL DIN
Dhoke Mangtal,DHOK DALAL
Dhoke Mangtal,GANJ MANDI
Dhoke Mangtal,LAKKHAN
Dhoke Mangtal,MOHANPURA
Dhoke Mangtal,Purana Qila
Dhoke Mangtal,RANIAL
Dhoke Mangtal,RATTA AMRAL
Dhoke Mangtal,RAWALPINDI CANTT-1
Dhoke Mangtal,RAWALPINDI CANTT-2
Dhoke Mangtal,RAWALPINDI CANTT-9
Dhoke Mangtal,Waris Khan
BAJNIAL,CHAHAN
BAJNIAL,Dhoke Mangtal
BAJNIAL,RANIAL
RANIAL,Adiala
RANIAL,BAJNIAL
RANIAL,CHAHAN
RANIAL,Dhamial
RANIAL,Dhoke Mangtal
RANIAL,LAKKHAN
CHAHAN,Adiala
CHAHAN,BAJNIAL
CHAHAN,Chauntra
CHAHAN,RANIAL
CHAHAN,SEHAL
SEHAL,CHAHAN
SEHAL,Chauntra
SEHAL,Gaggan
SEHAL,Kolian Hamid
Kolian Hamid,Chakri
Kolian Hamid,Gaggan
Kolian Hamid,SEHAL
Chakri,Gaggan
Chakri,Kolian Hamid
Chakri,PARIAL
PARIAL,Chakri
PARIAL,Gaggan
PARIAL,RAIKA MAIRA
RAIKA MAIRA,CHAK BELI KHAN
RAIKA MAIRA,Gaggan
RAIKA MAIRA,PARIAL
CHAK BELI KHAN,Chauntra
CHAK BELI KHAN,Gaggan
CHAK BELI KHAN,RAIKA MAIRA
Gaggan,CHAK BELI KHAN
Gaggan,Chakri
Gaggan,Chauntra
Gaggan,Kolian Hamid
Gaggan,PARIAL
Gaggan,RAIKA MAIRA
Gaggan,SEHAL
Chauntra,Adiala
Chauntra,BANDA
Chauntra,CHAHAN
Chauntra,CHAK BELI KHAN
Chauntra,Chhappar
Chauntra,Gaggan
Chauntra,SEHAL
BANDA,BASALI
BANDA,Chauntra
BANDA,Chhappar
Chhappar,Adiala
Chhappar,BANDA
Chhappar,BASALI
Chhappar,Chauntra
Chhappar,Dhaman Syedan
Chhappar,TAKHT PARI
BASALI,BAGGA SHEIKHAN
BASALI,BANDA
BASALI,Chhappar
BASALI,TAKHT PARI
TAKHT PARI,BAGGA SHEIKHAN
TAKHT PARI,BASALI
TAKHT PARI,Chhappar
TAKHT PARI,Dhaman Syedan
TAKHT PARI,Gulistan Colony
TAKHT PARI,LOHDRA
TAKHT PARI,MORGAH
BAGGA SHEIKHAN,BASALI
BAGGA SHEIKHAN,LOHDRA
BAGGA SHEIKHAN,SAGRI KALAN
BAGGA SHEIKHAN,TAKHT PARI
LOHDRA,107 UC
LOHDRA,BAGGA SHEIKHAN
LOHDRA,SAGRI KALAN
LOHDRA,TAKHT PARI
SAGRI KALAN,107 UC
SAGRI KALAN,BAGGA SHEIKHAN
SAGRI KALAN,LOHDRA
107 UC,LOHDRA
107 UC,SAGRI KALAN
GANGAL,CITY-46
GANGAL,DHOK MUNSHI KHAN
GANGAL,KOTHA KALAN
GANGAL,MILLAT COLONY
RATTA AMRAL,Dhoke Mangtal
RATTA AMRAL,RAWALPINDI CANTT-1
DHOK RATTA,CHAK JALAL DIN
DHOK RATTA,DHOK HASSU(NORTH)
DHOK RATTA,DHOK HASSU(SOUTH)
DHOK RATTA,HAZARA COLONY
DHOK RATTA,KHANA DAK
DHOK RATTA,KHYBAN SIR SYED(NORTH)
HAZARA COLONY,CHAK JALAL DIN
HAZARA COLONY,DHOK HASSU(SOUTH)
HAZARA COLONY,DHOK RATTA
HAZARA COLONY,KHANA DAK
HAZARA COLONY,KHYBAN SIR SYED(NORTH)
HAZARA COLONY,RAWALPINDI CANTT-1
DHOK MANGTAL,BANGISH COLONY
DHOK MANGTAL,DHOK HASSU(NORTH)
DHOK MANGTAL,DHOK HASSU(SOUTH)
DHOK MANGTAL,FAUJI COLONY
DHOK MANGTAL,KHANA DAK
DHOK MANGTAL,RAWALPINDI CANTT-3
DHOK MANGTAL,SAIDPUR SCHEME
DHOK HASSU(NORTH),BANGISH COLONY
DHOK HASSU(NORTH),DHOK HASSU(SOUTH)
DHOK HASSU(NORTH),DHOK MANGTAL
DHOK HASSU(NORTH),DHOK RATTA
DHOK HASSU(NORTH),FAUJI COLONY
DHOK HASSU(NORTH),KHANA DAK
DHOK HASSU(SOUTH),DHOK HASSU(NORTH)
DHOK HASSU(SOUTH),DHOK MANGTAL
DHOK HASSU(SOUTH),DHOK NAJJU
DHOK HASSU(SOUTH),DHOK RATTA
DHOK HASSU(SOUTH),HAZARA COLONY
DHOK HASSU(SOUTH),KHYBAN SIR SYED(NORTH)
DHOK HASSU(SOUTH),RAWALPINDI CANTT-3
DHOK HASSU(SOUTH),Ratta Amral
DHOK HASSU(SOUTH),SAIDPUR SCHEME
PIR WADHI,DHOK NAJJU
PIR WADHI,KHYBAN SIR SYED(NORTH)
PIR WADHI,KHYBAN SIR SYED(SOUTH)
PIR WADHI,NEW KATARIAN
PIR WADHI,RAWALPINDI CANTT-1
PIR WADHI,RAWALPINDI CANTT-2
FAUJI COLONY,BANGISH COLONY
FAUJI COLONY,DHOK HASSU(NORTH)
FAUJI COLONY,DHOK MANGTAL
FAUJI COLONY,Jhanda Chichi
FAUJI COLONY,KHANA DAK
FAUJI COLONY,RAWALPINDI CANTT-3
BANGISH COLONY,DHOK HASSU(NORTH)
BANGISH COLONY,DHOK MANGTAL
BANGISH COLONY,FAUJI COLONY
BANGISH COLONY,Jhanda Chichi
BANGISH COLONY,KHANA DAK
BANGISH COLONY,RAWALPINDI CANTT-3
KHYBAN SIR SYED(NORTH),DHOK HASSU(SOUTH)
KHYBAN SIR SYED(NORTH),DHOK NAJJU
KHYBAN SIR SYED(NORTH),DHOK RATTA
KHYBAN SIR SYED(NORTH),HAZARA COLONY
KHYBAN SIR SYED(NORTH),KHYBAN SIR SYED(SOUTH)
KHYBAN SIR SYED(NORTH),PIR WADHI
KHYBAN SIR SYED(NORTH),RAWALPINDI CANTT-1
DHOK NAJJU,DHOK HASSU(SOUTH)
DHOK NAJJU,KHYBAN SIR SYED(NORTH)
DHOK NAJJU,KHYBAN SIR SYED(SOUTH)
DHOK NAJJU,NEW KATARIAN
DHOK NAJJU,PIR WADHI
DHOK NAJJU,RAWALPINDI CANTT-2
DHOK NAJJU,Ratta Amral
DHOK NAJJU,SAIDPUR SCHEME
NEW KATARIAN,DHOK NAJJU
NEW KATARIAN,Dhok Ratta
NEW KATARIAN,PIR WADHI
NEW KATARIAN,RAWALPINDI CANTT-2
NEW KATARIAN,Ratta Amral
Ratta Amral,DHOK HASSU(SOUTH)
Ratta Amral,DHOK NAJJU
Ratta Amral,Dhok Ratta
Ratta Amral,Mohan Pura
Ratta Amral,NEW KATARIAN
Ratta Amral,SAIDPUR SCHEME
SAIDPUR SCHEME,DHOK HASSU(SOUTH)
SAIDPUR SCHEME,DHOK MANGTAL
SAIDPUR SCHEME,DHOK NAJJU
SAIDPUR SCHEME,Dhok Ratta
SAIDPUR SCHEME,MUHALLA EIDGAH
SAIDPUR SCHEME,Mohan Pura
SAIDPUR SCHEME,RAWALPINDI CANTT-3
SAIDPUR SCHEME,Ratta Amral
MUHALLA EIDGAH,DHOK BABU IRFAN
MUHALLA EIDGAH,Mohan Pura
MUHALLA EIDGAH,RAWALPINDI CANTT-3
MUHALLA EIDGAH,SAIDPUR SCHEME
DHOK BABU IRFAN,Gawal Mandi
DHOK BABU IRFAN,MUHALLA EIDGAH
DHOK BABU IRFAN,Mohan Pura
DHOK BABU IRFAN,PINDORA
DHOK BABU IRFAN,QAYYUMABAD
DHOK BABU IRFAN,RAWALPINDI CANTT-3
PINDORA,DHOK BABU IRFAN
PINDORA,DHOK HUKAM DAD
PINDORA,DHOK KASHMIRIAN
PINDORA,Dhoke Chiragh Din
PINDORA,Gawal Mandi
PINDORA,Jhanda Chichi
PINDORA,RAWALPINDI CANTT-3
Mohan Pura,AFANDI COLONY
Mohan Pura,DHOK BABU IRFAN
Mohan Pura,Dhok Ratta
Mohan Pura,Gawal Mandi
Mohan Pura,MUHALLA EIDGAH
Mohan Pura,QAYYUMABAD
Mohan Pura,RAWALPINDI CANTT-3
Mohan Pura,Ratta Amral
Mohan Pura,SAIDPUR SCHEME
ASGHAR MALL SCHEME,Dhok Ratta
ASGHAR MALL SCHEME,Dhoke Mangtal
ASGHAR MALL SCHEME,Purana Qila
ASGHAR MALL SCHEME,RAWALPINDI CANTT-2
DHOK KALA KHAN,DHOK ALI AKBAR
DHOK KALA KHAN,PURANA QILLA
DHOK KALA KHAN,SHAH CHAN CHARAGH
QAYYUMABAD,AFANDI COLONY
QAYYUMABAD,DHOK BABU IRFAN
QAYYUMABAD,DHOK KALA KHAN
QAYYUMABAD,DHOK KASHMIRIAN
QAYYUMABAD,Gawal Mandi
QAYYUMABAD,Mohan Pura
DHOK KASHMIRIAN,DHOK HUKAM DAD
DHOK KASHMIRIAN,DHOK KALA KHAN
DHOK KASHMIRIAN,Dhoke Chiragh Din
DHOK KASHMIRIAN,Gawal Mandi
DHOK KASHMIRIAN,PINDORA
DHOK KASHMIRIAN,QAYYUMABAD
DHOK KASHMIRIAN,Waris Khan
Ganj Mandi,AFANDI COLONY
Ganj Mandi,DHOK KALA KHAN
Ganj Mandi,Dhok Ratta
Ganj Mandi,Purana Qila
Gawal Mandi,DHOK BABU IRFAN
Gawal Mandi,DHOK HUKAM DAD
Gawal Mandi,DHOK KALA KHAN
Gawal Mandi,DHOK KASHMIRIAN
Gawal Mandi,Dhoke Chiragh Din
Gawal Mandi,Mohan Pura
Gawal Mandi,PINDORA
Gawal Mandi,QAYYUMABAD
AFANDI COLONY,DHOK KALA KHAN
AFANDI COLONY,Dhok Ratta
AFANDI COLONY,Ganj Mandi
AFANDI COLONY,Mohan Pura
AFANDI COLONY,Purana Qila
AFANDI COLONY,QAYYUMABAD
Dhoke Chiragh Din,CHAH SULTAN
Dhoke Chiragh Din,DHOK HUKAM DAD
Dhoke Chiragh Din,DHOK KASHMIRIAN
Dhoke Chiragh Din,Gawal Mandi
Dhoke Chiragh Din,Jhanda Chichi
Dhoke Chiragh Din,PINDORA
MUSLIM TOWN (WEST),Gulistan Colony
MUSLIM TOWN (WEST),Jhanda Chichi
MUSLIM TOWN (WEST),KARTARPURA
MUSLIM TOWN (WEST),KHURRAM COLONY
KHURRAM COLONY,Dhaman Syedan
KHURRAM COLONY,Gulistan Colony
KHURRAM COLONY,Jhanda Chichi
KHURRAM COLONY,MUSLIM TOWN (WEST)
CHAH SULTAN,AMARPURA
CHAH SULTAN,DHOK HUKAM DAD
CHAH SULTAN,Dhoke Chiragh Din
CHAH SULTAN,Jhanda Chichi
CHAH SULTAN,KARTARPURA
CHAH SULTAN,RAWALPINDI CANTT-8
CHAH SULTAN,Waris Khan
DHOK HUKAM DAD,AMARPURA
DHOK HUKAM DAD,CHAH SULTAN
DHOK HUKAM DAD,DHOK KASHMIRIAN
DHOK HUKAM DAD,Dhoke Chiragh Din
DHOK HUKAM DAD,Gawal Mandi
DHOK HUKAM DAD,PINDORA
DHOK HUKAM DAD,Waris Khan
AMARPURA,CHAH SULTAN
AMARPURA,DHOK HUKAM DAD
AMARPURA,Waris Khan
KARTARPURA,BANNI
KARTARPURA,CHAH SULTAN
KARTARPURA,Gulistan Colony
KARTARPURA,Jhanda Chichi
KARTARPURA,KOTHA KALAN
KARTARPURA,MUSLIM TOWN (WEST)
KARTARPURA,RAWALPINDI CANTT-8
BANNI,DHOK MUNSHI KHAN
BANNI,KARTARPURA
BANNI,KOTHA KALAN
BANNI,Khurram Colony
BANNI,RAWALPINDI CANTT-8
MUHALLA AMAMBARA,DHOK ALI AKBAR
MUHALLA AMAMBARA,Khurram Colony
MUHALLA AMAMBARA,RAWALPINDI CANTT-8
MUHALLA AMAMBARA,RAWALPINDI CANTT-9
MOHANPURA,DHOK DALAL
MOHANPURA,Dhoke Mangtal
MOHANPURA,GANJ MANDI
MOHANPURA,RAWALPINDI CANTT-9
DHOK DALAL,DHOK ALI AKBAR
DHOK DALAL,Dhoke Mangtal
DHOK DALAL,GANJ MANDI
DHOK DALAL,MOHANPURA
GANJ MANDI,DHOK ALI AKBAR
GANJ MANDI,DHOK DALAL
GANJ MANDI,Dhoke Mangtal
GANJ MANDI,MOHANPURA
GANJ MANDI,RAWALPINDI CANTT-9
PURANA QILLA,DHOK ALI AKBAR
PURANA QILLA,DHOK FARMAN ALI
PURANA QILLA,DHOK KALA KHAN
PURANA QILLA,SHAH CHAN CHARAGH
SHAH CHAN CHARAGH,DHOK ALI AKBAR
SHAH CHAN CHARAGH,DHOK KALA KHAN
SHAH CHAN CHARAGH,PURANA QILLA
MILLAT COLONY,CHAMAN ZAR COLONY
MILLAT COLONY,CITY-46
MILLAT COLONY,DHOK KHABBA
MILLAT COLONY,DHOK MUNSHI KHAN
MILLAT COLONY,GANGAL
MILLAT COLONY,Khurram Colony
DHOK KHABBA,DHOK FARMAN ALI
DHOK KHABBA,Khurram Colony
DHOK KHABBA,MILLAT COLONY
DHOK FARMAN ALI,DHOK ALI AKBAR
DHOK FARMAN ALI,DHOK KHABBA
DHOK FARMAN ALI,Khurram Colony
DHOK FARMAN ALI,PURANA QILLA
CHAMAN ZAR COLONY,CITY-46
CHAMAN ZAR COLONY,MILLAT COLONY
CITY-46,CHAMAN ZAR COLONY
CITY-46,GANGAL
CITY-46,MILLAT COLONY
RAWALPINDI CANTT-1,CHAK JALAL DIN
RAWALPINDI CANTT-1,Dhoke Mangtal
RAWALPINDI CANTT-1,HAZARA COLONY
RAWALPINDI CANTT-1,KHYBAN SIR SYED(NORTH)
RAWALPINDI CANTT-1,KHYBAN SIR SYED(SOUTH)
RAWALPINDI CANTT-1,PIR WADHI
RAWALPINDI CANTT-1,RATTA AMRAL
RAWALPINDI CANTT-1,RAWALPINDI CANTT-2
RAWALPINDI CANTT-2,ASGHAR MALL SCHEME
RAWALPINDI CANTT-2,DHOK NAJJU
RAWALPINDI CANTT-2,Dhok Ratta
RAWALPINDI CANTT-2,Dhoke Mangtal
RAWALPINDI CANTT-2,NEW KATARIAN
RAWALPINDI CANTT-2,PIR WADHI
RAWALPINDI CANTT-2,RAWALPINDI CANTT-1
RAWALPINDI CANTT-3,BANGISH COLONY
RAWALPINDI CANTT-3,DHOK BABU IRFAN
RAWALPINDI CANTT-3,DHOK HASSU(SOUTH)
RAWALPINDI CANTT-3,DHOK MANGTAL
RAWALPINDI CANTT-3,FAUJI COLONY
RAWALPINDI CANTT-3,Jhanda Chichi
RAWALPINDI CANTT-3,MUHALLA EIDGAH
RAWALPINDI CANTT-3,Mohan Pura
RAWALPINDI CANTT-3,PINDORA
RAWALPINDI CANTT-3,SAIDPUR SCHEME
Dhok Ratta,AFANDI COLONY
Dhok Ratta,ASGHAR MALL SCHEME
Dhok Ratta,Ganj Mandi
Dhok Ratta,Mohan Pura
Dhok Ratta,NEW KATARIAN
Dhok Ratta,Purana Qila
Dhok Ratta,RAWALPINDI CANTT-2
Dhok Ratta,Ratta Amral
Dhok Ratta,SAIDPUR SCHEME
Purana Qila,AFANDI COLONY
Purana Qila,ASGHAR MALL SCHEME
Purana Qila,DHOK KALA KHAN
Purana Qila,Dhok Ratta
Purana Qila,Dhoke Mangtal
Purana Qila,Ganj Mandi
Purana Qila,Waris Khan
Jhanda Chichi,BANGISH COLONY
Jhanda Chichi,CHAH SULTAN
Jhanda Chichi,Dhaman Syedan
Jhanda Chichi,Dhoke Chiragh Din
Jhanda Chichi,FAUJI COLONY
Jhanda Chichi,KARTARPURA
Jhanda Chichi,KHANA DAK
Jhanda Chichi,KHURRAM COLONY
Jhanda Chichi,MUSLIM TOWN (WEST)
Jhanda Chichi,PINDORA
Jhanda Chichi,RAWALPINDI CANTT-3
Waris Khan,AMARPURA
Waris Khan,CHAH SULTAN
Waris Khan,DHOK HUKAM DAD
Waris Khan,DHOK KALA KHAN
Waris Khan,DHOK KASHMIRIAN
Waris Khan,Dhoke Mangtal
Waris Khan,Purana Qila
Waris Khan,RAWALPINDI CANTT-8
Waris Khan,RAWALPINDI CANTT-9
RAWALPINDI CANTT-8,BANNI
RAWALPINDI CANTT-8,CHAH SULTAN
RAWALPINDI CANTT-8,KARTARPURA
RAWALPINDI CANTT-8,Khurram Colony
RAWALPINDI CANTT-8,MUHALLA AMAMBARA
RAWALPINDI CANTT-8,RAWALPINDI CANTT-9
RAWALPINDI CANTT-8,Waris Khan
RAWALPINDI CANTT-9,DHOK ALI AKBAR
RAWALPINDI CANTT-9,Dhoke Mangtal
RAWALPINDI CANTT-9,GANJ MANDI
RAWALPINDI CANTT-9,MOHANPURA
RAWALPINDI CANTT-9,MUHALLA AMAMBARA
RAWALPINDI CANTT-9,RAWALPINDI CANTT-8
RAWALPINDI CANTT-9,Waris Khan
DHOK ALI AKBAR,DHOK DALAL
DHOK ALI AKBAR,DHOK FARMAN ALI
DHOK ALI AKBAR,DHOK KALA KHAN
DHOK ALI AKBAR,GANJ MANDI
DHOK ALI AKBAR,Khurram Colony
DHOK ALI AKBAR,MUHALLA AMAMBARA
DHOK ALI AKBAR,PURANA QILLA
DHOK ALI AKBAR,RAWALPINDI CANTT-9
DHOK ALI AKBAR,SHAH CHAN CHARAGH
KHYBAN SIR SYED(SOUTH),DHOK NAJJU
KHYBAN SIR SYED(SOUTH),KHYBAN SIR SYED(NORTH)
KHYBAN SIR SYED(SOUTH),PIR WADHI
KHYBAN SIR SYED(SOUTH),RAWALPINDI CANTT-1
