Year,Week,temp_mean,temp_max,temp_min,humidity,rain,rain_days,pressure,wind
2019,2,8.914285714285715,14.299999999999999,5.0,71.28571428571429,14.4,1,1019.6428571428571,7.771428571428571
2019,3,9.62857142857143,16.057142857142857,4.7,65.57142857142857,3.5,1,1018.6714285714286,7.2
2019,4,8.528571428571428,13.542857142857143,4.971428571428572,76.71428571428571,42.4,3,1019.7285714285715,8.0
2019,5,9.457142857142857,15.485714285714286,5.2,68.42857142857143,22.1,2,1020.8000000000001,8.4
2019,6,10.257142857142856,15.442857142857141,6.528571428571429,71.14285714285714,24.9,4,1017.2571428571429,7.542857142857143
2019,7,11.842857142857143,17.67142857142857,6.971428571428571,71.0,7.0,2,1018.4714285714286,7.7
2019,8,11.028571428571428,16.585714285714285,6.128571428571428,74.28571428571429,48.7,3,1015.342857142857,7.5
2019,9,10.085714285714285,14.357142857142858,6.2,73.42857142857143,27.5,5,1014.9,8.385714285714286
2019,10,13.171428571428573,19.7,7.814285714285715,64.71428571428571,4.0,2,1013.1285714285714,7.485714285714286
2019,11,13.985714285714286,19.3,9.014285714285714,70.0,18.900000000000002,3,1017.3142857142857,7.728571428571429
2019,12,15.671428571428573,21.614285714285717,9.971428571428572,65.57142857142857,11.1,2,1014.6142857142858,8.914285714285715
2019,13,19.37142857142857,26.3,13.385714285714286,56.857142857142854,0.1,0,1012.6857142857143,10.385714285714286
2019,14,23.2,31.185714285714287,16.3,46.857142857142854,0.30000000000000004,0,1009.1142857142858,8.142857142857142
2019,15,23.214285714285715,29.47142857142857,17.87142857142857,57.857142857142854,6.0,3,1010.1857142857143,9.085714285714285
2019,16,21.142857142857142,26.842857142857145,16.414285714285715,68.57142857142857,66.3,2,1009.842857142857,7.957142857142857
2019,17,23.900000000000002,30.842857142857145,17.6,59.285714285714285,4.3,2,1009.0571428571428,9.6
2019,18,24.25714285714286,31.642857142857142,17.5,42.857142857142854,0.2,0,1006.8142857142857,8.642857142857142
2019,19,26.87142857142857,34.74285714285715,19.17142857142857,35.0,0.0,0,1004.8000000000001,7.985714285714286
2019,20,25.728571428571428,31.47142857142857,20.400000000000002,51.57142857142857,3.0,1,1006.842857142857,8.071428571428571
2019,21,26.3,32.74285714285714,19.885714285714283,47.142857142857146,5.7,1,1006.0714285714286,8.7
2019,22,30.071428571428573,38.51428571428572,21.857142857142858,32.0,0.0,0,1001.4571428571428,7.8999999999999995
2019,23,30.342857142857145,37.128571428571426,23.514285714285712,34.0,0.0,0,1002.2714285714285,9.271428571428572
2019,24,30.714285714285715,37.971428571428575,23.52857142857143,32.42857142857143,0.1,0,998.8857142857142,8.142857142857142
2019,25,29.928571428571427,35.628571428571426,23.485714285714288,42.714285714285715,1.6,1,1000.7285714285715,7.6000000000000005
2019,26,31.228571428571428,37.67142857142857,24.942857142857143,39.42857142857143,0.1,0,998.7285714285715,7.428571428571429
2019,27,32.15714285714286,38.028571428571425,26.042857142857144,50.714285714285715,14.6,3,996.1,7.514285714285714
2019,28,29.142857142857142,33.92857142857143,25.042857142857144,74.85714285714286,56.6,7,995.8142857142857,7.971428571428571
2019,29,28.32857142857143,32.357142857142854,24.52857142857143,73.71428571428571,24.1,5,1000.3571428571429,6.571428571428571
2019,30,28.671428571428574,32.614285714285714,25.442857142857143,76.14285714285714,46.199999999999996,5,999.1,7.357142857142857
2019,31,28.24285714285714,32.48571428571429,24.8,77.85714285714286,31.0,5,999.6142857142858,6.385714285714286
2019,32,28.228571428571428,32.214285714285715,25.271428571428572,80.28571428571429,62.7,4,997.7857142857143,6.485714285714286
2019,33,27.599999999999998,31.414285714285715,24.314285714285713,83.0,58.300000000000004,5,1001.1285714285714,6.257142857142857
2019,34,28.114285714285717,33.1,23.542857142857144,71.0,5.199999999999999,1,1003.2571428571429,5.557142857142857
2019,35,29.571428571428573,34.042857142857144,25.614285714285717,70.57142857142857,11.5,2,1002.6,5.257142857142857
2019,36,29.5,34.77142857142857,24.814285714285713,67.0,22.3,5,1000.8142857142857,6.742857142857143
2019,37,29.985714285714288,35.55714285714286,24.771428571428572,62.714285714285715,4.4,2,1002.1714285714286,6.571428571428571
2019,38,26.900000000000002,32.285714285714285,22.514285714285712,69.57142857142857,17.6,3,1007.4857142857144,6.071428571428571
2019,39,25.957142857142856,30.157142857142855,22.857142857142858,76.28571428571429,32.5,4,1011.6,5.7
2019,40,22.542857142857144,27.185714285714287,18.74285714285714,72.28571428571429,22.200000000000003,5,1011.1285714285714,7.6571428571428575
2019,41,23.542857142857144,29.82857142857143,18.599999999999998,57.0,0.4,0,1012.1142857142858,5.8
2019,42,22.38571428571429,28.74285714285714,17.485714285714288,63.714285714285715,11.299999999999999,3,1014.9142857142857,7.1571428571428575
2019,43,21.057142857142857,28.47142857142857,15.714285714285714,51.142857142857146,0.8,0,1012.2285714285715,6.814285714285715
2019,44,20.985714285714288,27.385714285714283,16.12857142857143,58.285714285714285,0.2,0,1013.8571428571429,8.114285714285714
2019,45,17.071428571428573,22.5,13.042857142857143,68.42857142857143,45.800000000000004,3,1013.9428571428572,7.557142857142857
2019,46,16.628571428571426,21.37142857142857,13.342857142857143,74.85714285714286,28.1,3,1016.8714285714286,7.442857142857143
2019,47,15.071428571428571,19.842857142857145,11.685714285714285,74.0,2.5,1,1016.5571428571428,7.314285714285715
2019,48,13.12857142857143,19.057142857142857,8.957142857142857,71.42857142857143,0.5,0,1018.1857142857143,6.885714285714286
2019,49,12.214285714285714,19.900000000000002,7.257142857142857,64.42857142857143,0.0,0,1019.6285714285714,5.714285714285714
2019,50,10.957142857142857,16.2,7.114285714285715,76.57142857142857,11.5,3,1017.0428571428572,6.685714285714285
2019,51,9.9,16.54285714285714,5.085714285714286,68.28571428571429,0.2,0,1019.1,6.442857142857143
2019,52,7.528571428571429,14.885714285714286,2.9,81.0,0.0,0,1019.0571428571428,5.171428571428572
2020,1,8.1,14.057142857142859,3.9714285714285715,75.71428571428571,2.6,1,1020.8714285714286,6.157142857142857
2020,2,7.857142857142857,12.671428571428573,4.1571428571428575,77.85714285714286,18.400000000000002,3,1019.3857142857142,7.528571428571429
2020,3,9.171428571428573,14.542857142857144,5.128571428571428,77.71428571428571,31.2,3,1016.8285714285714,7.728571428571429
2020,4,9.442857142857141,14.642857142857142,4.8,67.42857142857143,8.7,1,1018.9,8.67142857142857
2020,5,9.6,14.9,5.628571428571428,79.85714285714286,63.39999999999999,2,1016.4142857142857,7.1571428571428575
2020,6,9.571428571428571,16.228571428571428,4.385714285714285,68.14285714285714,1.3,1,1019.0428571428572,7.357142857142857
2020,7,13.5,19.7,8.042857142857143,64.14285714285714,2.5,1,1017.6285714285714,10.571428571428571
2020,8,14.214285714285714,21.3,8.857142857142858,66.28571428571429,9.4,2,1017.342857142857,9.842857142857143
2020,9,15.385714285714286,21.285714285714285,10.957142857142857,73.28571428571429,36.3,2,1014.7714285714285,7.614285714285715
2020,10,13.799999999999999,18.857142857142858,10.799999999999999,79.14285714285714,63.2,5,1013.157142857143,8.842857142857143
2020,11,13.814285714285715,19.62857142857143,9.142857142857142,73.0,34.800000000000004,4,1014.2714285714285,10.12857142857143
2020,12,17.057142857142857,23.342857142857145,11.685714285714285,72.85714285714286,8.7,1,1014.3000000000001,7.0
2020,13,16.62857142857143,21.12857142857143,12.442857142857141,77.14285714285714,98.8,3,1013.7714285714285,8.17142857142857
2020,14,16.928571428571427,23.185714285714287,12.2,73.14285714285714,23.5,4,1013.657142857143,7.628571428571428
2020,15,19.785714285714285,26.185714285714287,13.928571428571429,65.85714285714286,5.8999999999999995,2,1012.9714285714286,8.357142857142858
2020,16,20.485714285714288,25.571428571428573,15.828571428571427,71.28571428571429,44.7,5,1010.1857142857143,8.128571428571428
2020,17,22.185714285714287,27.914285714285715,16.271428571428572,64.85714285714286,3.0,1,1008.6999999999999,6.057142857142857
2020,18,23.32857142857143,29.099999999999998,18.17142857142857,67.85714285714286,20.4,3,1009.9142857142857,8.114285714285714
2020,19,24.17142857142857,30.457142857142856,18.385714285714283,57.714285714285715,1.4000000000000001,1,1008.1428571428571,7.428571428571429
2020,20,24.342857142857145,30.4,18.657142857142855,62.714285714285715,19.8,4,1007.7142857142857,9.671428571428573
2020,21,26.62857142857143,33.042857142857144,20.099999999999998,47.142857142857146,0.3,0,1003.1,9.200000000000001
2020,22,27.428571428571427,33.371428571428574,22.214285714285715,55.142857142857146,9.6,2,1002.8000000000001,8.285714285714286
2020,23,25.457142857142856,30.414285714285715,20.442857142857143,65.14285714285714,6.8,1,1004.842857142857,6.671428571428571
2020,24,28.657142857142855,34.371428571428574,23.3,57.714285714285715,5.3,2,1001.342857142857,7.0
2020,25,30.685714285714287,37.68571428571429,23.414285714285715,42.857142857142854,0.0,0,997.6857142857143,6.485714285714286
2020,26,29.32857142857143,34.31428571428571,25.214285714285715,69.14285714285714,45.7,3,1000.2571428571429,6.114285714285714
2020,27,30.02857142857143,35.72857142857143,24.97142857142857,61.285714285714285,26.299999999999997,2,998.4714285714286,6.1000000000000005
2020,28,29.82857142857143,34.642857142857146,25.0,66.57142857142857,15.5,3,998.4,6.6000000000000005
2020,29,30.057142857142857,34.642857142857146,25.485714285714288,67.42857142857143,17.9,2,999.8285714285714,5.428571428571429
2020,30,27.642857142857142,32.142857142857146,23.857142857142858,77.0,46.2,6,1002.3571428571429,6.885714285714286
2020,31,29.0,33.285714285714285,24.857142857142858,76.57142857142857,66.8,6,1000.8571428571429,6.557142857142857
2020,32,30.32857142857143,34.457142857142856,26.414285714285715,72.57142857142857,16.200000000000003,4,997.4142857142857,6.1571428571428575
2020,33,29.25714285714286,33.371428571428574,25.714285714285715,79.42857142857143,33.8,6,997.6857142857143,6.785714285714286
2020,34,27.62857142857143,31.385714285714283,24.342857142857145,81.28571428571429,142.6,4,1000.7857142857143,7.3999999999999995
2020,35,26.8,30.514285714285712,23.61428571428571,82.42857142857143,86.3,5,1002.8000000000001,5.671428571428572
2020,36,25.957142857142856,29.47142857142857,23.071428571428573,85.14285714285714,82.9,5,1006.1857142857143,5.271428571428571
2020,37,27.071428571428573,32.42857142857143,22.314285714285713,71.42857142857143,4.1,1,1004.4571428571428,5.428571428571429
2020,38,27.571428571428573,33.82857142857143,22.099999999999998,60.714285714285715,0.0,0,1002.9714285714286,6.271428571428571
2020,39,26.214285714285715,33.214285714285715,20.32857142857143,55.142857142857146,2.3,1,1002.7571428571429,7.171428571428572
2020,40,24.97142857142857,32.22857142857143,18.942857142857143,48.142857142857146,0.0,0,1006.5142857142857,7.085714285714286
2020,41,24.842857142857145,32.542857142857144,18.085714285714285,44.857142857142854,0.0,0,1008.5285714285714,6.228571428571429
2020,42,23.314285714285713,31.25714285714286,16.95714285714286,46.285714285714285,0.0,0,1008.0714285714286,7.514285714285714
2020,43,21.171428571428574,28.32857142857143,15.557142857142859,51.714285714285715,0.0,0,1009.342857142857,7.142857142857143
2020,44,19.52857142857143,27.2,13.471428571428572,47.142857142857146,0.0,0,1014.0428571428572,7.914285714285714
2020,45,18.3,26.585714285714285,12.257142857142856,50.714285714285715,0.0,0,1015.7285714285715,7.214285714285714
2020,46,16.942857142857143,22.771428571428572,12.557142857142859,62.0,40.8,2,1017.4571428571428,6.071428571428571
2020,47,12.428571428571429,18.0,7.871428571428572,71.14285714285714,3.9,2,1016.8857142857142,7.614285714285714
2020,48,12.185714285714285,17.12857142857143,8.442857142857143,73.71428571428571,15.7,3,1020.3000000000001,8.414285714285715
2020,49,14.299999999999999,21.314285714285713,8.5,68.85714285714286,0.0,0,1015.7142857142857,6.685714285714285
2020,50,12.471428571428572,16.54285714285714,8.985714285714286,77.85714285714286,26.8,3,1017.6714285714286,6.642857142857143
2020,51,8.571428571428571,15.657142857142857,3.6999999999999997,66.57142857142857,0.0,0,1020.1285714285714,8.557142857142857
2020,52,10.428571428571429,16.885714285714286,5.871428571428572,70.14285714285714,16.1,1,1016.0857142857143,6.3999999999999995
2020,53,9.614285714285714,16.12857142857143,4.3428571428571425,63.142857142857146,1.1,1,1018.2285714285715,7.814285714285715
2021,1,10.671428571428573,16.285714285714285,6.928571428571429,79.71428571428571,28.2,1,1016.7857142857143,6.7
2021,2,9.285714285714286,16.657142857142855,4.042857142857143,77.42857142857143,0.0,0,1015.4571428571428,6.214285714285714
2021,3,10.328571428571427,17.75714285714286,4.671428571428572,70.0,10.399999999999999,1,1015.1,7.728571428571429
2021,4,10.257142857142856,18.04285714285714,4.557142857142858,57.142857142857146,0.0,0,1017.7857142857143,6.371428571428572
2021,5,11.814285714285715,18.62857142857143,6.257142857142857,64.71428571428571,3.5,2,1018.7857142857143,7.128571428571428
2021,6,15.200000000000001,23.17142857142857,9.028571428571428,59.142857142857146,0.0,0,1015.0285714285714,6.742857142857143
2021,7,16.157142857142855,24.185714285714287,10.342857142857143,55.42857142857143,0.0,0,1016.4285714285714,6.214285714285714
2021,8,17.52857142857143,23.914285714285715,12.314285714285715,56.42857142857143,9.099999999999998,1,1011.3285714285714,7.614285714285714
2021,9,18.314285714285713,25.7,11.728571428571428,42.714285714285715,1.9,1,1013.0,7.914285714285714
2021,10,17.6,23.057142857142857,13.0,57.285714285714285,14.5,3,1016.0142857142857,10.299999999999999
2021,11,19.8,26.67142857142857,13.62857142857143,53.142857142857146,5.7,1,1012.0571428571428,8.357142857142858
2021,12,17.97142857142857,23.614285714285717,13.328571428571427,69.57142857142857,58.9,3,1012.8000000000001,9.242857142857144
2021,13,20.557142857142857,26.82857142857143,14.842857142857143,34.285714285714285,1.0,0,1006.4142857142857,15.885714285714286
2021,14,20.7,27.928571428571427,14.5,46.857142857142854,9.7,1,1012.1142857142858,8.514285714285714
2021,15,21.614285714285717,27.52857142857143,16.814285714285713,55.142857142857146,17.4,4,1012.3571428571429,8.87142857142857
2021,16,20.74285714285714,27.24285714285714,14.157142857142857,54.857142857142854,13.2,2,1010.7285714285715,8.6
2021,17,28.3,36.6,20.12857142857143,32.0,0.7,0,1007.7142857142857,7.828571428571428
2021,18,26.585714285714285,33.114285714285714,20.928571428571427,47.142857142857146,4.300000000000001,2,1007.6714285714286,8.585714285714285
2021,19,24.97142857142857,30.657142857142855,19.485714285714288,53.0,10.4,4,1005.2285714285715,8.057142857142857
2021,20,27.542857142857144,33.8,20.985714285714288,38.285714285714285,0.5,0,1004.842857142857,7.985714285714286
2021,21,29.928571428571427,37.385714285714286,22.0,30.428571428571427,0.1,0,1002.1428571428571,9.357142857142858
2021,22,29.17142857142857,35.042857142857144,23.357142857142858,47.142857142857146,8.3,3,1003.7428571428571,7.828571428571428
2021,23,33.74285714285714,40.142857142857146,27.17142857142857,42.0,6.199999999999999,2,996.9285714285714,8.714285714285714
2021,24,28.514285714285712,34.471428571428575,22.685714285714287,50.857142857142854,9.700000000000001,1,998.657142857143,6.671428571428572
2021,25,30.571428571428573,36.92857142857143,24.099999999999998,39.42857142857143,0.6,0,1001.5571428571428,7.885714285714286
2021,26,32.957142857142856,39.042857142857144,26.32857142857143,35.857142857142854,0.30000000000000004,0,998.2285714285715,7.742857142857143
2021,27,32.25714285714286,37.58571428571429,26.785714285714285,49.57142857142857,6.6,2,999.7714285714285,7.671428571428572
2021,28,29.057142857142857,33.471428571428575,24.842857142857145,72.85714285714286,38.8,2,1002.5714285714286,7.328571428571428
2021,29,28.614285714285717,32.92857142857143,24.74285714285714,74.0,58.7,3,997.7857142857143,6.814285714285715
2021,30,28.142857142857142,31.957142857142856,25.314285714285713,80.0,37.4,3,997.1999999999999,8.414285714285715
2021,31,28.585714285714285,32.785714285714285,24.25714285714286,77.28571428571429,36.5,6,1000.8285714285714,5.242857142857143
2021,32,28.24285714285714,32.5,24.357142857142858,75.85714285714286,44.3,6,1001.4714285714286,6.1571428571428575
2021,33,28.87142857142857,34.24285714285714,23.75714285714286,64.42857142857143,8.299999999999999,1,1003.6142857142858,6.128571428571428
2021,34,30.0,34.82857142857143,25.728571428571428,66.0,33.7,4,999.9571428571428,6.828571428571428
2021,35,27.957142857142856,32.871428571428574,23.7,69.42857142857143,21.5,2,1005.2857142857143,5.414285714285714
2021,36,27.02857142857143,31.057142857142857,24.428571428571427,77.85714285714286,84.7,5,1005.342857142857,6.857142857142857
2021,37,27.87142857142857,32.75714285714286,23.914285714285715,74.71428571428571,0.5,0,1005.0285714285714,5.442857142857143
2021,38,26.442857142857143,31.185714285714283,22.62857142857143,75.85714285714286,51.8,4,1006.7571428571429,5.8428571428571425
2021,39,27.12857142857143,32.028571428571425,23.357142857142858,71.85714285714286,16.3,3,1008.1857142857143,5.5
2021,40,25.557142857142857,31.828571428571426,20.842857142857145,62.142857142857146,9.799999999999999,1,1006.9571428571428,6.271428571428571
2021,41,23.414285714285715,30.457142857142856,18.514285714285712,53.42857142857143,2.4,1,1007.6142857142858,8.428571428571429
2021,42,20.885714285714283,27.17142857142857,16.12857142857143,61.142857142857146,19.5,2,1010.5285714285714,8.77142857142857
2021,43,18.385714285714283,25.928571428571427,12.957142857142857,56.142857142857146,0.0,0,1016.0428571428572,7.328571428571428
2021,44,17.785714285714285,25.042857142857144,12.614285714285714,50.42857142857143,1.0,0,1014.7142857142857,8.5
2021,45,17.314285714285713,25.74285714285714,11.314285714285715,48.857142857142854,0.0,0,1014.0857142857143,7.371428571428572
2021,46,15.242857142857144,23.114285714285717,9.62857142857143,52.42857142857143,0.0,0,1013.8285714285714,6.3999999999999995
2021,47,14.728571428571428,22.87142857142857,8.885714285714286,61.285714285714285,0.0,0,1014.8285714285714,7.214285714285714
2021,48,14.114285714285714,21.2,8.585714285714285,66.42857142857143,9.6,1,1017.8000000000001,7.214285714285714
2021,49,12.614285714285714,19.985714285714288,7.214285714285714,56.285714285714285,0.0,0,1019.3285714285714,6.128571428571428
2021,50,9.1,16.257142857142856,3.685714285714286,62.0,0.0,0,1020.1714285714286,6.942857142857143
2021,51,10.971428571428572,17.771428571428572,6.142857142857143,63.0,5.0,2,1016.9428571428572,5.642857142857143
2021,52,9.757142857142856,16.185714285714287,5.214285714285714,59.142857142857146,2.0,1,1021.9714285714286,7.114285714285714
2022,1,10.299999999999999,13.757142857142856,7.414285714285714,81.57142857142857,98.2,6,1017.6,8.0
2022,2,9.557142857142859,16.271428571428572,4.542857142857143,67.28571428571429,0.1,0,1018.8142857142857,6.957142857142857
2022,3,9.814285714285715,13.700000000000001,6.871428571428572,86.0,45.0,4,1014.4714285714286,7.371428571428571
2022,4,9.414285714285715,16.157142857142855,4.3428571428571425,71.85714285714286,0.3,0,1015.7142857142857,7.357142857142857
2022,5,10.228571428571428,16.37142857142857,5.142857142857143,73.42857142857143,6.4,2,1012.3571428571429,6.8428571428571425
2022,6,11.200000000000001,18.599999999999998,5.557142857142857,62.42857142857143,0.2,0,1015.8285714285714,8.12857142857143
2022,7,13.485714285714286,20.02857142857143,8.385714285714286,59.42857142857143,0.3,0,1012.9571428571428,8.557142857142857
2022,8,12.942857142857141,18.014285714285712,8.571428571428571,67.71428571428571,41.8,4,1015.4714285714286,9.0
2022,9,14.185714285714285,20.042857142857144,9.042857142857143,67.14285714285714,17.9,2,1016.9428571428572,8.457142857142857
2022,10,17.342857142857145,24.514285714285712,11.957142857142857,65.57142857142857,6.6,1,1014.3857142857142,10.471428571428572
2022,11,22.5,30.057142857142857,16.614285714285714,59.57142857142857,9.299999999999999,2,1007.9428571428572,10.1
2022,12,22.185714285714287,30.428571428571427,15.200000000000001,47.57142857142857,0.0,0,1008.2857142857143,8.414285714285715
2022,13,24.514285714285712,32.74285714285714,17.3,34.857142857142854,0.0,0,1007.5714285714286,10.1
2022,14,26.3,35.0,18.37142857142857,34.857142857142854,0.0,0,1008.3857142857142,8.7
2022,15,26.657142857142855,34.25714285714286,19.685714285714287,35.857142857142854,0.3,0,1004.0857142857143,8.557142857142857
2022,16,25.8,33.05714285714286,19.557142857142857,39.57142857142857,1.7,0,1008.5,10.357142857142858
2022,17,28.957142857142856,36.728571428571435,21.428571428571427,31.857142857142858,1.2,1,1004.157142857143,8.257142857142856
2022,18,27.857142857142858,34.457142857142856,21.32857142857143,41.42857142857143,10.9,1,1004.7857142857143,9.242857142857144
2022,19,31.61428571428571,39.48571428571428,23.87142857142857,27.428571428571427,0.0,0,999.8857142857142,9.328571428571427
2022,20,30.314285714285713,37.357142857142854,23.17142857142857,29.285714285714285,0.0,0,999.157142857143,9.342857142857143
2022,21,28.771428571428572,35.214285714285715,22.457142857142856,37.57142857142857,1.0,0,1000.9285714285714,9.0
2022,22,31.142857142857142,38.44285714285714,23.7,26.571428571428573,0.0,0,1000.1142857142858,8.142857142857142
2022,23,33.628571428571426,41.17142857142857,26.02857142857143,21.571428571428573,0.0,0,997.6428571428571,8.785714285714286
2022,24,31.485714285714288,37.67142857142857,25.385714285714283,37.714285714285715,12.5,3,999.8285714285714,8.542857142857143
2022,25,26.25714285714286,32.42857142857143,20.428571428571427,58.57142857142857,32.5,3,1001.6999999999999,9.157142857142857
2022,26,31.071428571428573,36.471428571428575,25.97142857142857,60.42857142857143,8.5,1,997.9142857142857,9.342857142857143
2022,27,29.771428571428572,34.55714285714286,25.7,73.71428571428571,83.30000000000001,5,1000.3571428571429,5.742857142857143
2022,28,27.37142857142857,31.814285714285713,23.7,77.42857142857143,80.5,4,1001.5142857142857,6.185714285714285
2022,29,27.985714285714288,31.5,24.8,80.28571428571429,47.5,4,1001.9,6.371428571428572
2022,30,26.685714285714287,30.099999999999998,24.042857142857144,85.14285714285714,86.8,6,1004.2857142857143,6.114285714285714
2022,31,28.17142857142857,32.7,23.97142857142857,75.0,5.4,1,1000.8142857142857,5.1571428571428575
2022,32,28.97142857142857,33.6,24.814285714285713,74.42857142857143,37.7,3,1000.3,6.942857142857143
2022,33,26.914285714285715,31.25714285714286,23.37142857142857,81.14285714285714,93.7,5,1003.1142857142858,7.085714285714286
2022,34,26.985714285714288,31.271428571428572,23.599999999999998,77.42857142857143,33.7,3,1003.4142857142857,7.057142857142857
2022,35,27.82857142857143,32.614285714285714,23.657142857142855,73.85714285714286,10.8,1,1005.0857142857143,6.014285714285714
2022,36,27.02857142857143,31.67142857142857,23.442857142857143,76.28571428571429,38.9,4,1006.9,5.357142857142857
2022,37,26.17142857142857,31.657142857142855,21.514285714285712,72.85714285714286,16.2,2,1003.6,6.314285714285715
2022,38,26.414285714285715,32.84285714285714,21.62857142857143,69.28571428571429,3.4000000000000004,2,1005.1428571428571,6.1000000000000005
2022,39,26.014285714285712,31.74285714285714,20.842857142857145,61.57142857142857,5.5,1,1006.7428571428571,6.071428571428571
2022,40,24.571428571428573,31.957142857142856,18.414285714285715,51.142857142857146,0.7,0,1009.1428571428571,8.685714285714285
2022,41,22.728571428571428,29.557142857142857,17.4,58.57142857142857,1.5,0,1011.9714285714286,7.1000000000000005
2022,42,20.928571428571427,28.414285714285715,15.328571428571427,48.42857142857143,1.3,0,1014.9428571428572,7.471428571428571
2022,43,20.571428571428573,28.742857142857144,14.542857142857143,50.857142857142854,0.0,0,1012.8714285714286,7.6571428571428575
2022,44,20.114285714285717,25.957142857142856,15.714285714285714,59.714285714285715,17.6,3,1015.0571428571428,7.757142857142857
2022,45,15.728571428571428,21.942857142857143,11.200000000000001,64.28571428571429,19.6,3,1017.6142857142858,8.257142857142856
2022,46,14.314285714285715,20.071428571428573,9.985714285714286,69.42857142857143,15.6,1,1016.7857142857143,7.628571428571428
2022,47,14.6,22.5,9.114285714285714,58.0,0.0,0,1014.3714285714286,6.728571428571429
2022,48,13.828571428571427,21.599999999999998,8.471428571428572,67.71428571428571,0.0,0,1015.4142857142857,5.628571428571428
2022,49,12.985714285714286,20.357142857142858,7.614285714285714,60.857142857142854,3.5,1,1016.9,7.485714285714286
2022,50,12.685714285714285,20.52857142857143,7.057142857142857,60.142857142857146,0.0,0,1015.8285714285714,8.528571428571428
2022,51,10.257142857142856,17.97142857142857,5.2,72.0,0.0,0,1015.842857142857,5.771428571428571
2022,52,9.785714285714286,16.4,5.414285714285714,69.57142857142857,9.9,1,1019.6857142857143,6.785714285714286
2023,1,9.028571428571428,16.17142857142857,3.6285714285714286,65.71428571428571,0.0,0,1022.6428571428571,5.942857142857143
2023,2,9.114285714285714,14.557142857142859,4.885714285714286,77.14285714285714,29.0,3,1016.9714285714286,7.942857142857143
2023,3,8.257142857142856,14.700000000000001,3.6142857142857143,64.28571428571429,0.30000000000000004,0,1019.0714285714286,7.457142857142857
2023,4,9.542857142857143,15.157142857142857,4.985714285714286,68.71428571428571,12.400000000000002,3,1017.6857142857143,9.485714285714286
2023,5,12.257142857142856,17.728571428571428,7.514285714285714,65.71428571428571,49.4,2,1017.4714285714286,10.071428571428571
2023,6,11.571428571428571,17.928571428571427,6.6571428571428575,63.42857142857143,14.7,4,1015.0571428571429,9.028571428571428
2023,7,16.04285714285714,23.585714285714285,10.014285714285714,54.857142857142854,0.0,0,1015.7285714285715,7.757142857142857
2023,8,16.4,23.657142857142855,10.671428571428573,53.714285714285715,8.7,3,1015.4714285714286,9.028571428571428
2023,9,16.814285714285713,23.614285714285717,11.314285714285715,58.714285714285715,11.6,2,1020.842857142857,7.2
2023,10,20.25714285714286,28.542857142857144,13.657142857142857,42.285714285714285,0.5,0,1016.1857142857143,7.571428571428571
2023,11,19.914285714285715,27.014285714285712,13.985714285714286,53.57142857142857,7.7,3,1012.0428571428572,7.7
2023,12,17.02857142857143,23.24285714285714,12.028571428571428,68.0,47.7,4,1011.0,7.771428571428571
2023,13,17.8,23.557142857142857,13.114285714285714,67.28571428571429,28.799999999999997,4,1010.7142857142857,7.885714285714286
2023,14,19.071428571428573,25.87142857142857,13.428571428571429,57.0,22.6,2,1013.4714285714286,8.542857142857143
2023,15,25.271428571428572,33.371428571428574,17.714285714285715,36.57142857142857,0.0,0,1010.5428571428572,9.428571428571429
2023,16,21.17142857142857,27.54285714285714,15.671428571428573,57.0,42.9,4,1008.4428571428572,8.1
2023,17,24.214285714285715,31.37142857142857,17.37142857142857,42.714285714285715,2.1,0,1009.1285714285714,8.371428571428572
2023,18,21.099999999999998,26.228571428571428,16.614285714285714,65.71428571428571,30.3,5,1009.4142857142857,8.27142857142857
2023,19,25.62857142857143,33.41428571428571,18.114285714285714,37.42857142857143,3.6,1,1007.2142857142857,8.285714285714286
2023,20,28.685714285714287,36.271428571428565,21.17142857142857,32.57142857142857,0.3,0,1005.5857142857143,8.285714285714286
2023,21,27.32857142857143,34.01428571428571,21.542857142857144,44.285714285714285,33.800000000000004,3,1005.7714285714285,9.5
2023,22,24.042857142857144,29.714285714285715,19.042857142857144,62.142857142857146,29.7,2,1008.1714285714286,7.285714285714286
2023,23,29.17142857142857,35.642857142857146,22.542857142857144,45.285714285714285,0.0,0,1002.1285714285714,7.1571428571428575
2023,24,31.17142857142857,37.285714285714285,24.82857142857143,45.142857142857146,2.4,1,999.6285714285714,7.3
2023,25,34.05714285714286,40.4,28.142857142857142,50.57142857142857,16.3,1,998.4,8.685714285714285
2023,26,29.071428571428573,34.41428571428572,23.714285714285715,66.57142857142857,44.1,4,1001.1714285714286,6.828571428571428
2023,27,27.685714285714287,32.528571428571425,23.7,73.57142857142857,56.0,4,1001.3285714285714,7.528571428571429
2023,28,28.842857142857145,34.1,23.900000000000002,70.57142857142857,20.1,3,1001.4428571428572,6.6000000000000005
2023,29,28.185714285714287,32.528571428571425,24.685714285714287,80.0,72.6,6,1002.5,6.242857142857143
2023,30,27.614285714285717,31.771428571428572,24.0,79.42857142857143,49.4,5,1002.0,5.385714285714286
2023,31,28.942857142857143,33.785714285714285,24.52857142857143,76.71428571428571,49.7,6,999.1,5.385714285714286
2023,32,28.814285714285713,33.58571428571428,24.3,76.42857142857143,39.8,5,999.9857142857143,6.171428571428572
2023,33,28.400000000000002,33.04285714285714,24.342857142857145,78.28571428571429,25.5,3,1003.6428571428571,5.242857142857143
2023,34,28.17142857142857,33.028571428571425,24.24285714285714,75.85714285714286,55.3,4,1000.1,6.828571428571428
2023,35,27.985714285714288,33.34285714285714,23.414285714285715,70.14285714285714,3.0,1,1003.9714285714286,6.185714285714285
2023,36,28.814285714285713,34.65714285714286,24.085714285714285,61.57142857142857,1.7,0,1003.8285714285714,5.8999999999999995
2023,37,29.228571428571428,34.471428571428575,25.0,72.0,19.7,2,1003.5714285714286,6.457142857142857
2023,38,26.25714285714286,31.37142857142857,22.085714285714285,73.85714285714286,20.9,3,1006.6142857142858,5.671428571428572
2023,39,23.52857142857143,30.17142857142857,18.314285714285713,60.57142857142857,2.5,1,1008.1,8.614285714285716
2023,40,24.428571428571427,32.07142857142857,18.3,50.285714285714285,3.2,1,1007.657142857143,6.8999999999999995
2023,41,22.814285714285713,29.2,17.685714285714287,60.857142857142854,9.799999999999999,2,1011.842857142857,6.942857142857143
2023,42,18.357142857142858,24.099999999999998,14.171428571428573,72.0,38.2,3,1016.3428571428573,7.3428571428571425
2023,43,19.928571428571427,27.185714285714287,13.87142857142857,59.42857142857143,0.0,0,1015.0,6.485714285714286
2023,44,19.67142857142857,26.785714285714285,14.514285714285714,65.28571428571429,1.3,1,1015.4142857142857,6.528571428571428
2023,45,17.1,23.285714285714285,12.757142857142856,73.42857142857143,25.400000000000002,4,1017.2428571428571,6.571428571428571
2023,46,16.0,23.02857142857143,11.0,67.85714285714286,0.0,0,1018.6,4.942857142857143
2023,47,14.771428571428572,21.985714285714288,9.5,70.57142857142857,0.0,0,1017.0285714285714,6.6571428571428575
2023,48,14.942857142857141,20.857142857142858,10.571428571428571,69.85714285714286,1.2,1,1017.9857142857143,6.328571428571428
2023,49,12.342857142857143,20.12857142857143,7.0857142857142845,66.57142857142857,0.0,0,1016.842857142857,6.628571428571428
2023,50,11.214285714285714,18.0,6.1571428571428575,67.71428571428571,0.2,0,1017.5714285714286,6.285714285714286
2023,51,12.171428571428573,19.599999999999998,6.957142857142857,63.285714285714285,0.0,0,1019.8714285714286,8.214285714285714
2023,52,12.471428571428572,19.814285714285713,7.028571428571429,67.42857142857143,0.0,0,1019.4285714285714,6.542857142857143
2024,1,9.485714285714284,16.7,4.885714285714286,83.0,0.0,0,1019.0857142857143,4.242857142857143
2024,2,9.085714285714285,17.17142857142857,3.3428571428571425,77.42857142857143,0.0,0,1018.842857142857,5.628571428571428
2024,3,10.057142857142859,17.428571428571427,5.057142857142857,74.85714285714286,0.0,0,1017.2857142857143,5.942857142857143
2024,4,10.0,16.485714285714288,4.614285714285714,74.14285714285714,1.7,1,1019.9142857142857,6.171428571428571
2024,5,10.37142857142857,14.642857142857142,6.628571428571428,74.71428571428571,27.599999999999998,4,1018.3142857142857,7.071428571428571
2024,6,10.914285714285715,18.5,5.1000000000000005,56.42857142857143,0.1,0,1020.4,8.085714285714285
2024,7,14.685714285714285,22.214285714285715,9.057142857142859,49.57142857142857,10.8,1,1017.8571428571429,7.414285714285714
2024,8,11.385714285714286,17.428571428571427,5.885714285714285,60.0,46.1,2,1014.4,9.22857142857143
2024,9,12.614285714285714,18.142857142857142,8.114285714285714,69.42857142857143,81.3,3,1014.842857142857,11.557142857142859
2024,10,13.171428571428573,19.714285714285715,6.7,57.857142857142854,0.0,0,1016.6999999999999,8.914285714285715
2024,11,16.114285714285714,22.685714285714287,10.357142857142858,57.42857142857143,16.900000000000002,1,1015.9142857142857,7.757142857142857
2024,12,19.271428571428572,26.285714285714285,12.785714285714286,53.42857142857143,36.199999999999996,2,1012.6714285714286,7.414285714285714
2024,13,19.571428571428573,25.914285714285715,14.614285714285714,65.0,31.6,3,1013.7428571428571,9.528571428571428
2024,14,20.02857142857143,27.642857142857142,13.471428571428572,49.285714285714285,2.1,1,1009.9857142857143,9.571428571428571
2024,15,21.642857142857142,28.385714285714283,15.814285714285715,51.285714285714285,12.0,3,1012.1285714285714,9.057142857142857
2024,16,20.014285714285712,25.5,15.071428571428571,71.28571428571429,75.4,4,1009.6285714285714,9.785714285714286
2024,17,21.542857142857144,27.74285714285714,16.771428571428572,62.285714285714285,45.599999999999994,5,1008.4857142857143,8.757142857142858
2024,18,20.885714285714283,27.214285714285715,14.785714285714286,59.0,19.299999999999997,2,1007.4571428571428,10.814285714285715
2024,19,26.542857142857144,33.9,20.057142857142857,49.0,4.4,1,1006.5,7.814285714285714
2024,20,28.2,36.17142857142857,21.142857142857142,38.57142857142857,0.0,0,1006.8142857142857,8.9
2024,21,31.228571428571428,38.67142857142857,23.957142857142856,29.857142857142858,0.0,0,1001.2714285714285,9.242857142857144
2024,22,32.05714285714286,39.82857142857143,24.271428571428572,21.0,0.0,0,998.1,10.928571428571429
2024,23,29.042857142857144,36.5,22.685714285714287,38.57142857142857,12.9,2,1002.9714285714286,8.828571428571427
2024,24,32.34285714285714,40.357142857142854,24.571428571428573,29.571428571428573,0.2,0,999.5142857142857,8.0
2024,25,32.628571428571426,39.15714285714286,26.042857142857144,32.857142857142854,0.5,0,997.7285714285715,8.185714285714285
2024,26,33.34285714285714,39.385714285714286,26.685714285714287,43.0,3.9,1,997.5714285714286,7.628571428571428
2024,27,30.157142857142855,35.15714285714286,24.7,69.42857142857143,63.49999999999999,6,995.8857142857142,8.6
2024,28,29.12857142857143,33.65714285714286,24.557142857142857,73.14285714285714,27.4,4,999.3285714285714,5.8999999999999995
2024,29,30.74285714285714,35.74285714285714,25.814285714285713,65.14285714285714,5.8,1,999.0,6.271428571428571
2024,30,30.5,35.4,25.685714285714287,72.14285714285714,36.1,5,996.0571428571428,7.228571428571429
2024,31,28.657142857142855,32.42857142857143,25.357142857142858,81.0,109.7,6,999.342857142857,7.885714285714286
2024,32,27.62857142857143,31.75714285714286,24.37142857142857,83.28571428571429,74.7,6,1001.5857142857142,6.928571428571429
2024,33,27.7,31.7,24.47142857142857,82.14285714285714,62.5,4,1003.6,5.971428571428571
2024,34,27.62857142857143,32.142857142857146,23.47142857142857,78.71428571428571,22.1,4,1003.842857142857,5.414285714285714
2024,35,26.657142857142855,30.542857142857144,23.47142857142857,80.57142857142857,43.9,4,1005.1857142857143,6.814285714285714
2024,36,26.32857142857143,30.82857142857143,22.47142857142857,81.28571428571429,33.3,4,1004.7857142857143,5.6571428571428575
2024,37,27.099999999999998,32.214285714285715,22.62857142857143,73.0,26.300000000000004,2,1001.8142857142857,7.057142857142857
2024,38,27.3,33.57142857142857,21.514285714285712,66.14285714285714,0.0,0,1005.8285714285714,5.585714285714286
2024,39,27.457142857142856,32.57142857142857,23.142857142857142,71.0,33.9,3,1005.7571428571429,6.385714285714286
2024,40,25.32857142857143,31.985714285714288,19.728571428571428,66.85714285714286,4.8999999999999995,1,1006.8000000000001,6.671428571428572
2024,41,23.285714285714285,30.114285714285717,17.95714285714286,58.0,5.1,1,1011.6142857142858,8.485714285714286
2024,42,23.385714285714283,30.714285714285715,17.485714285714284,58.42857142857143,0.2,0,1010.9571428571428,6.6571428571428575
2024,43,22.385714285714283,29.428571428571427,17.04285714285714,62.857142857142854,0.4,0,1012.5,7.7
2024,44,20.342857142857145,26.8,15.414285714285713,69.14285714285714,31.0,1,1012.342857142857,8.528571428571428
2024,45,20.228571428571428,26.599999999999998,15.457142857142857,75.28571428571429,0.0,0,1014.8142857142857,6.457142857142857
2024,46,17.242857142857144,23.0,13.314285714285715,75.0,15.700000000000001,2,1015.0571428571428,4.957142857142857
2024,47,15.214285714285714,21.8,10.714285714285714,67.57142857142857,0.2,0,1015.9428571428572,4.685714285714285
2024,48,15.114285714285714,22.02857142857143,10.1,55.857142857142854,0.0,0,1015.9142857142857,4.485714285714286
2024,49,13.728571428571428,20.24285714285714,8.714285714285714,50.142857142857146,6.7,1,1014.7571428571429,5.814285714285715
2024,50,10.457142857142857,17.428571428571427,5.128571428571428,49.42857142857143,0.0,0,1018.3285714285714,5.214285714285714
2024,51,10.12857142857143,17.685714285714287,5.014285714285714,59.857142857142854,0.0,0,1016.7857142857143,2.957142857142857
2024,52,10.542857142857143,17.728571428571428,5.8428571428571425,67.57142857142857,0.0,0,1020.157142857143,4.142857142857143
2025,1,11.37142857142857,18.428571428571427,6.257142857142857,68.71428571428571,0.2,0,1018.2142857142857,4.0
2025,2,11.299999999999999,18.37142857142857,6.014285714285714,56.0,0.2,0,1018.6285714285714,6.057142857142857
2025,3,11.214285714285714,17.742857142857144,6.371428571428572,53.0,0.6000000000000001,0,1019.9571428571428,5.085714285714286
2025,4,12.928571428571429,20.099999999999998,7.471428571428572,43.42857142857143,0.6,0,1015.8,7.871428571428572
2025,5,13.957142857142857,20.857142857142858,7.885714285714286,44.0,1.4,0,1013.8857142857142,5.414285714285714
2025,6,14.200000000000001,21.057142857142857,8.285714285714286,41.714285714285715,0.0,0,1016.157142857143,6.7
2025,7,15.471428571428572,21.885714285714283,9.642857142857142,36.714285714285715,0.2,0,1014.2142857142857,5.8999999999999995
2025,8,15.228571428571428,21.3,9.828571428571427,55.285714285714285,35.199999999999996,1,1016.3571428571429,6.857142857142857
2025,9,14.357142857142858,19.2,10.299999999999999,73.0,34.0,4,1016.2571428571429,6.2
2025,10,14.6,20.928571428571427,9.285714285714286,61.57142857142857,36.8,1,1012.8285714285714,8.157142857142857
2025,11,16.657142857142855,21.814285714285713,12.342857142857143,72.0,26.6,5,1013.7714285714285,5.828571428571428
2025,12,19.814285714285713,28.042857142857144,12.62857142857143,47.857142857142854,0.1,0,1014.1999999999999,5.328571428571428
2025,13,20.599999999999998,27.942857142857143,14.200000000000001,42.57142857142857,9.8,2,1010.1857142857143,9.242857142857144
2025,14,23.62857142857143,31.27142857142857,16.014285714285712,27.0,0.0,0,1010.842857142857,8.72857142857143
2025,15,26.400000000000002,33.971428571428575,19.900000000000002,37.857142857142854,5.6,3,1007.8142857142857,6.714285714285714
2025,16,27.17142857142857,34.58571428571428,20.842857142857145,42.857142857142854,16.9,3,1005.5428571428572,8.528571428571428
2025,17,27.928571428571427,36.142857142857146,18.814285714285713,24.0,0.0,0,1006.7285714285715,7.114285714285714
2025,18,28.514285714285712,35.07142857142857,22.057142857142857,38.857142857142854,9.6,3,1006.0571428571428,6.357142857142857
2025,19,27.12857142857143,32.642857142857146,21.614285714285717,53.0,8.2,2,1006.5285714285714,5.828571428571428
2025,20,32.27142857142857,39.65714285714286,23.8,26.285714285714285,0.2,0,1002.2714285714285,6.471428571428571
2025,21,32.55714285714286,39.214285714285715,25.62857142857143,34.0,10.8,1,1000.6857142857143,7.6000000000000005
2025,22,28.885714285714283,35.18571428571429,22.857142857142858,45.285714285714285,11.100000000000001,3,999.1714285714286,8.0
2025,23,30.58571428571429,36.957142857142856,23.442857142857143,35.857142857142854,0.8,0,1002.8142857142857,7.457142857142857
2025,24,36.42857142857143,43.15714285714286,28.285714285714285,21.714285714285715,0.0,0,998.4142857142857,7.614285714285714
2025,25,33.614285714285714,38.92857142857143,28.428571428571427,48.0,32.7,2,997.6714285714286,8.471428571428572
2025,26,29.74285714285714,34.371428571428574,25.485714285714288,76.0,55.5,5,997.9857142857143,6.957142857142857
